{
  "roc_auc": 0.6412176104243161,
  "pr_auc": 0.1755671685918733,
  "val_size": 0.2,
  "model": "rf"
}