{
  "roc_auc": 0.585504521669992,
  "pr_auc": 0.12728680962824182,
  "val_size": 0.2,
  "model": "lr"
}